
INSERT INTO Autor (ID_Autor, Nome_Autor, Nacionalidade) VALUES
(1, 'Alberto Mussa', 'Brasileiro'),
(2, 'Aluísio de Azevedo', 'Brasileiro'),
(3, 'Ariano Suassuna', 'Brasileiro'),
(4, 'Autran Dourado', 'Brasileiro'),
(5, 'Bernardo Guimarães', 'Brasileiro'),
(6, 'Casimiro de Abreu', 'Brasileiro'),
(7, 'Carlos Heitor Cony', 'Brasileiro'),
(8, 'Clarice Lispector', 'Brasileira'),
(9, 'Denis Mandarino', 'Brasileiro'),
(10, 'George Raymond Richard Martin', 'Estadunidense'),
(11, 'John Ronald Reuel Tolkien', 'Britânico'),
(12, 'Clive Staples Lewis', 'Britânico'),
(13, 'Edgar Allan Poe', 'Estadunidense'),
(14, 'Rick Riordan', 'Estadunidense'),
(15, 'Alexandre Dumas', 'Francês');



INSERT INTO Editora (ID_Editora, Nome_Editora, Logradouro, Bairro, Cidade, CEP) VALUES
(1, 'Aleph', 'Rua Funchal 1000', NULL, 'São Paulo', NULL),
(2, 'Moderna', 'Avenida Ibirapuera 300', NULL, 'Campinas', NULL),
(3, 'Saraiva', 'Avenida Interlagos 247', NULL, 'Barretos', NULL),
(4, 'Ática', 'Avenida José Carlos Pace 23', NULL, 'Boituva', NULL),
(5, 'Casa', 'Avenida Pres. Juscelino Kubitschek 45', NULL, 'Marabá', NULL),
(6, 'Leya', 'Avenida Brigadeiro Luis Antonio 48', NULL, 'Ibiuna', NULL),
(7, 'Draco', 'Marginal Pinheiros 69', NULL, 'São José', NULL),
(8, 'Nova', 'Avenida Nossa Sra. do Sabarú 65', NULL, 'São Paulo', NULL);



INSERT INTO Cargo (ID_Cargo, Nome_Cargo, Salario) VALUES
(1, 'Diretor', 20000.00),
(2, 'Gerente', 8000.00),
(3, 'Coordenador de Finanças', 7000.00),
(4, 'Coordenador Contabil', 7000.00),
(5, 'Coordenador de RH', 6000.00),
(6, 'Coordenador de TI', 7000.00),
(7, 'Analista de Sistemas', 3000.00),
(8, 'Analista de Suporte', 2500.00),
(9, 'Auxiliar Financeiro', 1700.00),
(10, 'Auxiliar Contábil', 1700.00),
(11, 'Auxiliar de RH', 1300.00),
(12, 'Recepcionista', 1000.00);



INSERT INTO Departamento (ID_Departamento, Nome_Departamento) VALUES
(1, 'Diretoria'),
(2, 'Gerência'),
(3, 'Financeiro'),
(4, 'Contábil'),
(5, 'TI'),
(6, 'Recursos Humanos'),
(7,  'Recepção');

INSERT INTO Obra (ID_obra, ID_editora, ID_autor, titulo_obra, numero_publicacao, genero, data_publicacao, valor_unitario) VALUES
(1, 1, 15, 'O Conde de Monte Cristo', 12, 'Auto Ajuda', '2005-05-10', 90.00),
(2, 2, 12, 'Tratado de Confissom', 5, 'Filosofia', '2010-12-31', 55.00),
(3, 5, 10, 'Triste Fim de Policarpo Quaresm', 3, 'Política', '2001-03-05', 20.00),
(4, 8, 14, 'Tratado da Natureza Humana', 78, 'Romance', '2002-05-14', 64.32),
(5, 7, 8, 'Farsa de Inês Pereira', 2, 'Religioso', '1986-04-25', 97.35),
(6, 6, 15, 'Filho Nativo', 45, 'Poema', '2004-06-12', 98.65),
(7, 6, 10, 'Jogo Dos Tronos', 6, 'Ficção', '2001-08-26', 41.63),
(8, 8, 13, 'Diabo dos Números', 2, 'Terror', '1981-08-31', 65.48),
(9, 6, 10, 'Furia dos Reis', 1, 'Estrangeiro', '2008-08-06', 53.25),
(10, 6, 1, 'Filhos e Amantes', 98, 'Infanto Juvenil', '2005-09-01', 87.10),
(11, 5, 3, 'Finis Patriae', 46, 'Política', '2013-03-04', 106.84),
(12, 5, 3, 'Finnegans Wake', 2, 'Romance', '2013-09-30', 115.85),
(13, 1, 15, 'Os Três Mosqueteiros', 2, 'Romance', '1953-03-06', 86.54),
(14, 3, 6, 'Falcão de Malta', 2, 'Auto Ajuda', '2010-01-02', 97.21),
(15, 2, 14, 'Vidas Secas', 45, 'Filosofia', '2004-07-09', 37.15),
(16, 4, 2, 'Flores sem Fruto', 1, 'Política', '2001-08-15', 21.45),
(17, 7, 4, 'Deixados para Trás', 8, 'Política', '1931-09-12', 25.35),
(18, 8, 12, 'Deus das Moscas', 2, 'Romance', '2003-09-25', 85.37),
(19, 4, 11, 'Senhor dos Aneis', 4, 'Ficção', '1989-02-28', 60.50),
(20, 3, 7, 'Fluviais', 8, 'Terror', '2011-03-18', 94.20),
(21, 2, 2, 'Folhas Caídas', 1, 'Ficção', '2010-09-19', 55.00),
(22, 6, 5, 'Força das Coisas', 24, 'Terror', '1985-11-25', 85.00),
(23, 5, 15, 'Fortaleza de Sharpe', 81, 'Política', '2001-01-01', 122.50),
(24, 1, 9, 'Frankenstein', 8, 'Romance', '2010-12-13', 105.00),
(25, 7, 11, 'Rei Arthur', 85, 'Religioso', '1999-07-15', 80.00),
(26, 6, 6, 'Dom Casmurro', 2, 'Poema', '2011-08-15', 108.25),
(27, 4, 8, 'Dia dos Gafanhotos', 85, 'Política', '2011-11-11', 57.85),
(28, 8, 12, 'Diabo dos Números', 2, 'Romance', '2013-05-06', 101.00),
(29, 2, 3, 'Discurso do Método', 8, 'Religioso', '2012-08-06', 82.12),
(30, 3, 10, 'Arte Da Guerra', 8, 'Romance', '1913-05-01', 90.36);

INSERT INTO Estoque (ID_estoque, ID_obra, quantidade_livro_total, quantidade_livro_disponivel) VALUES
(1, 1, 5, 1),
(1, 2, 12, 10),
(1, 3, 4, 2),
(1, 4, 4, 0),
(1, 5, 23, 18),
(1, 6, 13, 11),
(1, 7, 33, 28),
(1, 8, 6, 4),
(1, 9, 15, 12),
(1, 10, 4, 0),
(1, 11, 15, 13),
(1, 12, 6, 1),
(1, 13, 19, 14),
(1, 14, 7, 5),
(1, 15, 26, 22),
(1, 16, 16, 11),
(1, 17, 25, 15),
(1, 18, 9, 6),
(1, 19, 15, 12),
(1, 20, 9, 6),
(1, 21, 10, 7),
(1, 22, 15, 11),
(1, 23, 17, 16),
(1, 24, 64, 59),
(1, 25, 17, 14),
(1, 26, 25, 22),
(1, 27, 2, 0),
(1, 28, 7, 3),
(1, 29, 3, 0),
(1, 30, 16, 14);

INSERT INTO usuario (ID_usuario, nome_usuario, logradouro, bairro, cidade, CEP, telefone, CPF) VALUES
(1, 'Antonio Marcos da Silva', 'Avenida 23 de Maio 21', 'Jardim das Árvores', NULL, '05728-354', '5844-2647', '193.107.214-21'),
(2, 'Carlos Drummond de Andrade', 'Rua Martins Fontes 252', 'Parque Industrial', NULL, '02182-635', '5846-6576', '122.147.655-47'),
(3, 'Juliana Bento Souza', 'Avenida dos Bandeirantes 20', 'Residencial Dourados', NULL, '05728-355', '5879-5469', '193.107.214-22'),
(4, 'Arlene Batista', 'Avenida Eng. Luis Carlos Berrini 12', 'Vila Água Bonita', NULL, '02182-636', '1254-5647', '122.147.655-48'),
(5, 'Bret Berlusconi', 'Rua da Consolação 14', 'Vila Brasil', NULL, '05728-356', '5844-2648', '193.107.214-23'),
(6, 'Cindy Crall', 'Rua Ipiranga 123', 'Vila Cristal', NULL, '02182-637', '5846-6577', '122.147.655-49'),
(7, 'Donatelo Siqueira', 'Avenida Brigadeiro Faria Lima 50', 'Vila das Árvores', NULL, '05728-357', '5879-5470', '193.107.214-24'),
(8, 'Emily Mall', 'Rua Funchal 1000', 'Vila das Nações', NULL, '02182-638', '1254-5648', '122.147.655-50'),
(9, 'Franklin Pekens', 'Avenida Ibirapuera 300', 'Vila do Lago', NULL, '05728-358', '5844-2649', '193.107.214-25'),
(10, 'Gert Hender', 'Avenida Interlagos 247', 'Vila dos Estados', NULL, '02182-639', '5846-6578', '122.147.655-51'),
(11, 'Harvey Jonks', 'Avenida José Carlos Pace 23', 'Vila dos Pássaros', NULL, '05728-359', '5879-5471', '193.107.214-26'),
(12, 'Irene Silva', 'Avenida Pres. Juscelino Kubitschek 45', 'Vila Dourados', NULL, '02182-640', '1254-5649', '122.147.655-52'),
(13, 'Jose Albino', 'Avenida Brigadeiro Luis Antonio 48', 'Água Aguinha', NULL, '05728-360', '5844-2650', '193.107.214-27'),
(14, 'Katia Suellen', 'Marginal Pinheiros 69', 'Água Bonita', NULL, '02182-641', '5846-6579', '122.147.655-53'),
(15, 'Lee Shimizu', 'Avenida Nossa Sra. do Sabará 65', 'Conceição', NULL, '05728-361', '5879-5472', '193.107.214-28'),
(16, 'Maria Aparecida', 'Avenida Nove de Julho 72', 'Conjunto Metalúrgicos', NULL, '02182-642', '1254-5650', '122.147.655-54'),
(17, 'Nate Rogan', 'Rua Olimpíadas 68', 'Continental', NULL, '05728-362', '5844-2651', '193.107.214-29'),
(18, 'Ophelia Maria', 'Avenida Rebouças 2581', 'Distrito Industrial Altino', NULL, '02182-643', '5846-6580', '122.147.655-55'),
(19, 'Philippe Coutinho', 'Avenida do Rio Bonito 2541', 'Distrito Industrial Anhanguera', NULL, '05728-363', '5879-5473', '193.107.214-30'),
(20, 'Rina Pontes', 'Avenida Robert Kennedy 3965', 'Distrito Industrial Autonomistas', NULL, '02182-644', '1254-5651', '122.147.655-56'),
(21, 'Sean Woods', 'Avenida Jornalista Roberto Marinho 698', 'Distrito Industrial Centro', NULL, '05728-364', '5844-2652', '193.107.214-31'),
(22, 'Tammy Miranda', 'Avenida Santo Amaro 5879', 'Distrito Industrial Mazzei', NULL, '02182-645', '5846-6581', '122.147.655-57'),
(23, 'Vicente Del Bosque', 'Rua Maria Imaculada 6598', 'Distrito Industrial Remédios', NULL, '05728-365', '5879-5474', '193.107.214-32'),
(24, 'Whitney Cinse', 'Avenida Washington Luis 654747', 'Helena Maria', NULL, '02182-646', '1254-5652', '122.147.655-58'),
(25, 'Alberto Roberto', 'Avenida Alfredo Maia 584', 'IAPI', NULL, '05728-366', '5844-2653', '193.107.214-33'),
(26, 'Beryl Berey', 'Avenida Alfredo Maluf 265', 'Jaguaribe', NULL, '02182-647', '5846-6582', '122.147.655-59'),
(27, 'Chris Nicolas', 'Avenida Alfredo Pujol 987', "Jardim D\'Abril", NULL, '05728-367', '5879-5475', '193.107.214-34'),
(28, 'Debby Loyd', 'Avenida Amazonas 574', 'Jardim das Flores', NULL, '02182-648', '1254-5653', '122.147.655-60'),
(29, 'Ernesto Coimbra', 'Avenida Ampére 414', 'Jardim Elvira', NULL, '05728-368', '5844-2654', '193.107.214-35'),
(30, 'Florence Seedorf', 'Avenida Ana Camargo 174', 'Jardim Mutinga', NULL, '02182-649', '5846-6583', '122.147.655-61');


INSERT INTO funcionario (ID_funcionario, ID_cargo, ID_departamento, nome_funcionario, data_admissao, data_demissao) VALUES
(1, 12, 7, 'Fabriola Pereira', '2000-01-10', '2012-09-20'),
(2, 2, 2, 'Carlos Meireles', '1995-04-11', NULL),
(3, 1, 1, 'Adalberto Cristovão', '1990-07-11', NULL),
(4, 1, 1, 'Camila Prado', '1985-10-10', NULL),
(5, 2, 2, 'Marcio Tales de Souza', '1981-01-09', NULL),
(6, 6, 5, 'Fernando da Silva', '1976-04-10', NULL),
(7, 3, 3, 'Barbara Maria', '1971-07-11', NULL),
(8, 12, 7, 'Alice Meire', '1966-10-10', NULL),
(9, 5, 6, 'João Da Silva', '1962-01-09', NULL),
(10, 4, 4, 'Marcos Prado', '1957-04-10', NULL),
(11, 12, 7, 'Claudia Cristina', '2012-10-10', NULL);


INSERT INTO reserva (ID_reserva, ID_funcionario, ID_estoque, ID_usuario, ID_obra, status_livro, data_reserva, hora_reserva) VALUES
(1, 1, 1, 2, 14, 'Disponível', '2011-06-08', '08:40:00'),
(2, 8, 1, 13, 3, 'Reservado', '2011-07-11', '09:30:00'),
(3, 1, 1, 1, 14, 'Reservado', '2011-08-14', '08:00:00'),
(4, 8, 1, 29, 20, 'Reservado', '2011-08-18', '15:00:00'),
(5, 8, 1, 30, 16, 'Reservado', '2011-08-19', '10:00:00'),
(6, 1, 1, 3, 8, 'Reservado', '2011-08-18', '15:00:00'),
(7, 1, 1, 8, 25, 'Disponível', '2011-08-19', '09:00:00'),
(8, 8, 1, 21, 24, 'Disponível', '2011-08-08', '08:15:00'),
(9, 1, 1, 22, 13, 'Disponível', '2011-08-18', '18:00:00'),
(10, 1, 1, 8, 22, 'Reservado', '2011-08-15', '14:00:00');


INSERT INTO emprestimo
(ID_emprestimo, ID_funcionario, ID_estoque, ID_usuario, ID_obra, ID_obra_antigo, ID_reserva, data_emprestimo, data_entrega, hora_emprestimo) VALUES
(1, 1, 1, 1, 14, 10, 3, '2011-08-15', '2011-08-17', '08:00:00'),
(2, 8, 1, 20, 14, NULL, NULL, '2011-09-26', '2011-09-28', '08:00:00'),
(3, 8, 1, 13, 3, 18, 2, '2011-07-11', '2011-07-13', '10:00:00'),
(4, 8, 1, 29, 20, 17, 4, '2011-08-18', '2011-08-20', '18:10:00'),
(5, 1, 1, 2, 14, 23, 1, '2011-06-09', '2011-06-11', '08:00:00'),
(6, 8, 1, 21, 24, 24, 8, '2011-08-20', '2011-08-22', '08:00:00'),
(7, 1, 1, 14, 27, 21, NULL, '2012-03-25', '2012-03-27', '08:00:00'),
(8, 8, 1, 30, 16, 6, 5, '2011-08-19', '2011-08-21', '13:00:00'),
(9, 8, 1, 19, 5, 30, NULL, '2012-03-27', '2012-03-29', '13:00:00'),
(10, 1, 1, 3, 8, 9, 6, '2011-08-19', '2011-08-21', '09:54:00'),
(11, 8, 1, 12, 27, 11, NULL, '2012-03-29', '2012-03-31', '13:00:00'),
(12, 1, 1, 8, 25, 25, 7, '2011-08-19', '2011-08-21', '09:54:00'),
(13, 1, 1, 11, 8, 16, NULL, '2012-03-31', '2012-04-02', '14:55:00'),
(14, 1, 1, 4, 1, NULL, NULL, '2012-04-01', '2012-04-03', '12:01:00'),
(15, 8, 1, 11, 26, NULL, NULL, '2013-06-25', '2013-06-27', '14:29:00'),
(16, 1, 1, 22, 13, 13, 9, '2011-08-20', '2011-08-22', '10:00:00'),
(17, 1, 1, 8, 22, 19, 10, '2011-08-20', '2011-08-22', '14:55:00'),
(18, 11, 1, 10, 4, NULL, NULL, '2013-07-07', '2013-07-09', '16:30:00'),
(19, 8, 1, 12, 27, NULL, NULL, '2013-07-07', '2013-07-09', '11:11:00'),
(20, 11, 1, 5, 2, NULL, NULL, '2013-06-25', '2013-06-27', '17:54:00'),
(21, 8, 1, 18, 25, 20, NULL, '2012-12-28', '2012-12-30', '10:00:00'),
(22, 8, 1, 15, 22, NULL, NULL, '2013-06-25', '2013-06-27', '08:36:00'),
(23, 8, 1, 9, 11, 7, NULL, '2012-12-28', '2012-12-30', '14:55:00'),
(24, 11, 1, 17, 12, NULL, NULL, '2012-12-28', '2012-12-30', '13:00:00'),
(25, 8, 1, 6, 5, NULL, NULL, '2013-07-07', '2013-07-09', '10:00:00'),
(26, 8, 1, 23, 8, NULL, NULL, '2013-07-07', '2013-07-09', '18:10:00'),
(27, 11, 1, 16, 27, NULL, NULL, '2013-01-31', '2013-02-02', '14:55:00'),
(28, 11, 1, 7, 29, NULL, NULL, '2013-01-31', '2013-02-02', '10:00:00'),
(29, 11, 1, 24, 3, NULL, NULL, '2013-01-31', '2013-02-02', '18:10:00');


INSERT INTO devolucao (ID_devolucao, ID_funcionario, ID_emprestimo, data_devolucao, hora_devolucao, multa_atraso) VALUES
(1, 1, 5, '2011-06-11', '18:00:00', 0),
(2, 8, 3, '2011-07-13', '13:00:00', 0),
(3, 1, 1, '2011-08-17', '14:55:00', 0),
(4, 8, 4, '2011-08-20', '12:01:00', 0),
(5, 8, 8, '2011-08-21', '10:00:00', 0),
(6, 1, 10, '2011-08-21', '14:55:00', 0),
(7, 1, 12, '2011-08-21', '13:00:00', 0),
(8, 8, 6, '2011-08-22', '14:55:00', 0),
(9, 1, 16, '2011-08-26', '10:00:00', 1),
(10, 1, 17, '2011-08-22', '18:00:00', 0),
(11, 8, 2, '2011-09-28', '14:29:00', 0),
(12, 1, 7, '2012-03-30', '17:54:00', 1),
(13, 8, 9, '2012-03-29', '08:36:00', 0),
(14, 8, 11, '2012-03-31', '16:30:00', 0),
(15, 1, 13, '2012-04-08', '11:11:00', 1),
(16, 1, 14, '2012-04-03', '10:00:00', 0),
(17, 8, 21, '2012-12-30', '18:00:00', 0),
(18, 8, 23, '2013-01-12', '15:00:00', 1),
(19, 11, 24, '2012-12-30', '16:00:00', 0),
(20, 11, 27, '2013-02-02', '18:00:00', 0);
